month,te,te_se
12,-0.01807692,0.002943539
15,-0.01865385,0.002943539
18,-0.01442308,0.003041656
21,-0.01538462,0.003237893
24,-0.01461538,0.003434129
27,-0.01269231,0.003581305
30,-0.01250000,0.003826601
