month,te,te_se
12,-0.02031250,0.004052478
15,-0.02604167,0.004118910
18,-0.02604167,0.004583949
21,-0.02578125,0.005181855
24,-0.02708333,0.005846197
27,-0.02864583,0.006776272
30,-0.02395833,0.007507048
