month,te,te_se
12,0.09035176,0.008589028
15,0.10140700,0.008460814
18,0.09185930,0.008460824
21,0.09386935,0.008973606
24,0.09989950,0.009742779
27,0.08381910,0.010383739
30,0.08030151,0.011024705
