month,te,te_se
12,-0.05215190,0.008912590
15,-0.05670886,0.008912590
18,-0.05215190,0.009300094
21,-0.05316456,0.010075101
24,-0.05772152,0.010850108
27,-0.04253165,0.011754282
30,-0.04354430,0.012529291
