month,intervention,comparison
6,0.46197180000000004,0.3408451
12,0.4760563,0.38873240000000003
18,0.5183099,0.40563380000000004
24,0.5126761,0.3971831
