months,intervention,comparison
1,0.2075848,0.1516966
2,0.3283433,0.2684631
3,0.4031936,0.3542914
4,0.4500998,0.4061876
